cde-01	PHOTO-2026-02-08-19-01-33.jpg
cde-02	PHOTO-2026-02-08-19-01-41 2.jpg
cde-03	PHOTO-2026-02-08-19-01-41 3.jpg
cde-04	PHOTO-2026-02-08-19-01-41 4.jpg
cde-05	PHOTO-2026-02-08-19-01-41 5.jpg
cde-06	PHOTO-2026-02-08-19-01-41.jpg
cde-07	PHOTO-2026-02-08-19-01-42 2.jpg
cde-08	PHOTO-2026-02-08-19-01-42 3.jpg
cde-09	PHOTO-2026-02-08-19-01-42 4.jpg
cde-10	PHOTO-2026-02-08-19-01-42 5.jpg
cde-11	PHOTO-2026-02-08-19-01-42 6.jpg
cde-12	PHOTO-2026-02-08-19-01-42 7.jpg
cde-13	PHOTO-2026-02-08-19-01-42.jpg
cde-14	PHOTO-2026-02-08-19-01-43 2.jpg
cde-15	PHOTO-2026-02-08-19-01-43 3.jpg
cde-16	PHOTO-2026-02-08-19-01-43 4.jpg
cde-17	PHOTO-2026-02-08-19-01-43 5.jpg
cde-18	PHOTO-2026-02-08-19-01-43 6.jpg
cde-19	PHOTO-2026-02-08-19-01-43 7.jpg
cde-20	PHOTO-2026-02-08-19-01-43.jpg
cde-21	PHOTO-2026-02-08-19-01-44 2.jpg
cde-22	PHOTO-2026-02-08-19-01-44 3.jpg
cde-23	PHOTO-2026-02-08-19-01-44 4.jpg
cde-24	PHOTO-2026-02-08-19-01-44 5.jpg
cde-25	PHOTO-2026-02-08-19-01-44 6.jpg
cde-26	PHOTO-2026-02-08-19-01-44.jpg
cde-27	PHOTO-2026-02-08-19-01-48 2.jpg
cde-28	PHOTO-2026-02-08-19-01-48 3.jpg
cde-29	PHOTO-2026-02-08-19-01-48 4.jpg
cde-30	PHOTO-2026-02-08-19-01-48 5.jpg
cde-31	PHOTO-2026-02-08-19-01-48 6.jpg
cde-32	PHOTO-2026-02-08-19-01-48.jpg
cde-33	PHOTO-2026-02-08-19-01-49 2.jpg
cde-34	PHOTO-2026-02-08-19-01-49.jpg
cde-35	PHOTO-2026-02-08-19-04-22.jpg
cde-36	PHOTO-2026-02-08-19-04-48.jpg
